{
  "components_path": "components_only.ply",
  "mask_path": "1_mask.png",
  "output_path": "matched_component.ply",
  "debug_image": "match_debug_top1.png",
  "spacing2d": 0.07206098479270147,
  "dbscan_eps": 0.21618295437810442,
  "dbscan_min_samples": 12,
  "num_clusters_considered": 117,
  "best_match": {
    "rank": 1,
    "cluster_label": 6,
    "score": 0.034596167759261665,
    "num_points": 80837,
    "centroid": [
      6.891321258512495,
      12.193057348863988,
      1.1137847168497599
    ],
    "bbox_size": [
      11.928320517054079,
      12.73000605017292,
      1.393585205078125
    ],
    "descriptor": {
      "area": 43306.5,
      "perimeter": 1107.0407537221909,
      "aspect": 1.0633484162895928,
      "extent": 0.8338596322325984,
      "solidity": 0.9386704525749957,
      "fill_ratio": 0.6608047485351562,
      "circularity": 0.44405394418286076
    }
  },
  "topk": [
    {
      "rank": 1,
      "cluster_label": 6,
      "score": 0.034596167759261665,
      "num_points": 80837,
      "centroid": [
        6.891321258512495,
        12.193057348863988,
        1.1137847168497599
      ],
      "bbox_size": [
        11.928320517054079,
        12.73000605017292,
        1.393585205078125
      ],
      "descriptor": {
        "area": 43306.5,
        "perimeter": 1107.0407537221909,
        "aspect": 1.0633484162895928,
        "extent": 0.8338596322325984,
        "solidity": 0.9386704525749957,
        "fill_ratio": 0.6608047485351562,
        "circularity": 0.44405394418286076
      }
    },
    {
      "rank": 2,
      "cluster_label": 17,
      "score": 0.03672553676389511,
      "num_points": 83215,
      "centroid": [
        85.79945850173836,
        13.570314080197852,
        1.0701357938249718
      ],
      "bbox_size": [
        12.282825920012357,
        12.65492985791321,
        1.427008582224605
      ],
      "descriptor": {
        "area": 45974.5,
        "perimeter": 1008.7320977449417,
        "aspect": 1.030701754385965,
        "extent": 0.8580533781261664,
        "solidity": 0.9538475901989668,
        "fill_ratio": 0.7015151977539062,
        "circularity": 0.5677736041224222
      }
    },
    {
      "rank": 3,
      "cluster_label": 21,
      "score": 0.04791154971852737,
      "num_points": 30310,
      "centroid": [
        -10.573988195270484,
        5.589566173468527,
        4.147504336831825
      ],
      "bbox_size": [
        9.82838811811595,
        9.216141130509993,
        4.293118496246522
      ],
      "descriptor": {
        "area": 37679.0,
        "perimeter": 785.7787802219391,
        "aspect": 1.0398230088495575,
        "extent": 0.70945208058746,
        "solidity": 0.9723989315715447,
        "fill_ratio": 0.5749359130859375,
        "circularity": 0.7668468516914213
      }
    },
    {
      "rank": 4,
      "cluster_label": 3,
      "score": 0.06546560703339939,
      "num_points": 41031,
      "centroid": [
        68.65618415430727,
        7.004051543728375,
        4.0524426447661375
      ],
      "bbox_size": [
        11.199420803005822,
        9.224130286178422,
        4.451771322431005
      ],
      "descriptor": {
        "area": 31742.5,
        "perimeter": 748.0214208364487,
        "aspect": 1.1928934010152283,
        "extent": 0.6856571984015553,
        "solidity": 0.9704070558383394,
        "fill_ratio": 0.48435211181640625,
        "circularity": 0.7128906565651024
      }
    },
    {
      "rank": 5,
      "cluster_label": 87,
      "score": 0.14516141076457842,
      "num_points": 1791,
      "centroid": [
        10.19309870124283,
        0.46517944840712383,
        0.39534804633076337
      ],
      "bbox_size": [
        2.2732854341122515,
        1.3328301238218503,
        0.41113599722362193
      ],
      "descriptor": {
        "area": 29402.5,
        "perimeter": 863.0163685083389,
        "aspect": 1.6666666666666667,
        "extent": 0.8873547608269202,
        "solidity": 0.9544871690824392,
        "fill_ratio": 0.44864654541015625,
        "circularity": 0.4960849557931259
      }
    }
  ],
  "full_cloud_input": "board_full.ply",
  "full_cloud_output": "matched_component_with_board.ply",
  "full_cloud_extraction": {
    "xy_margin": 1.2853565991817844,
    "z_up_margin": 0.5143866314038669,
    "z_down_margin": 2.939352179450668,
    "num_points_extracted": 148185
  }
}